{
  "iteration": 450,
  "objective_value": 0.9220055581837808,
  "target_unit": "X5",
  "optimized_units": [
    "X3",
    "X5",
    "X6",
    "X7",
    "X9",
    "X10",
    "X11",
    "X13",
    "X16",
    "X17",
    "X19",
    "X20"
  ],
  "best_adjustable_bids": {
    "X3": 16.97,
    "X5": 19.0,
    "X6": 19.0,
    "X7": 13.45,
    "X9": 13.16,
    "X10": 13.01,
    "X11": 19.0,
    "X13": 14.46,
    "X16": 14.56,
    "X17": 13.01,
    "X19": 20.17,
    "X20": 14.12
  },
  "full_bids_at_crn_env_mean": {
    "X1": 19.5,
    "X2": 16.0,
    "X3": 16.97,
    "X4": 20.0,
    "X5": 19.0,
    "X6": 19.0,
    "X7": 13.45,
    "X8": 20.0,
    "X9": 13.16,
    "X10": 13.01,
    "X11": 19.0,
    "X12": 20.5,
    "X13": 14.46,
    "X14": 17.5,
    "X15": 18.5,
    "X16": 14.56,
    "X17": 13.01,
    "X18": 25.5,
    "X19": 20.17,
    "X20": 14.12
  },
  "non_adjustable_env_summary": {
    "X1": {
      "min": 19.0,
      "max": 20.0,
      "mean": 19.5
    },
    "X2": {
      "min": 13.0,
      "max": 19.0,
      "mean": 16.0
    },
    "X4": {
      "min": 18.0,
      "max": 22.0,
      "mean": 20.0
    },
    "X8": {
      "min": 15.0,
      "max": 25.0,
      "mean": 20.0
    },
    "X12": {
      "min": 19.0,
      "max": 22.0,
      "mean": 20.5
    },
    "X14": {
      "min": 16.0,
      "max": 19.0,
      "mean": 17.5
    },
    "X15": {
      "min": 16.0,
      "max": 21.0,
      "mean": 18.5
    },
    "X18": {
      "min": 24.0,
      "max": 27.0,
      "mean": 25.5
    }
  },
  "crn_discrete_summary": {
    "q_counts": {
      "15": 1374,
      "16": 1316,
      "17": 1391,
      "18": 1409,
      "19": 1322,
      "20": 1380
    },
    "b2_counts": {
      "0.5": 2749,
      "1.0": 2682,
      "1.5": 2761
    },
    "exclude_counts": {
      "1": 4122,
      "2": 4070
    },
    "target_n_counts": {
      "3": 2705,
      "4": 2673,
      "5": 2814
    }
  },
  "objective_options": {
    "price_scale": 0.25,
    "score_scale": 2.0,
    "temperature": 0.1,
    "invalid_cost": 10.0
  },
  "config": {
    "samples": 8192,
    "maxiter": 800,
    "popsize": 90,
    "workers": -1,
    "actual_workers": 61,
    "seed": 42,
    "checkpoint_every": 50,
    "strategy": "best1bin",
    "mutation": [
      0.5,
      1.5
    ],
    "recombination": 0.7,
    "polish": true,
    "updating": "deferred",
    "use_crn": true,
    "use_sobol": true,
    "k2_mode": "average_all_values"
  },
  "elapsed_seconds": 14604.500962495804,
  "nfev": null,
  "message": null
}